id,name,folder,duration,status,data_status,summary_status,primary,tags,created_at
8042676,"2026-06-14 11:40 录音","",00:00,1,0,3,未分类,"",今天 11:40
8038241,"业务公式拆解培训","业务公式拆解",01:25:20,4,1,1,商业方法论,"商业方法论",06-13 22:08
8037140,"戴志龙-AI剧本创作分享","AI短剧",02:04:37,4,1,1,AI/技术,"AI/技术|商业方法论",06-13 20:01
8032774,"医疗系统-合作沟通","鑫港湾",02:10:02,4,1,1,智能药柜/医疗业务,"智能药柜/医疗业务",06-13 14:29
8028892,"智能药柜-招商合作沟通","七件事",03:05:35,4,1,1,销售/招商/合作沟通,"销售/招商/合作沟通",06-13 10:05
8024371,"一堂-建模能力培训","",03:52:50,4,1,1,一堂课程,"一堂课程|AI/技术",06-12 21:00
8020205,"鑫港湾-工作进展会议","",41:02,4,1,1,内部技术/工作讨论,"内部技术/工作讨论|智能药柜/医疗业务|医疗系统/合规",06-12 17:04
7983893,"药柜-硬件软件合作沟通","",52:46,4,1,1,智能药柜/医疗业务,"智能药柜/医疗业务|供应链/硬件制造|销售/招商/合作沟通",06-11 15:12
7980633,"钣金外贸-生产沟通","",33:41,4,1,1,供应链/硬件制造,"供应链/硬件制造",06-11 14:13
7978261,"制造业-供应链沟通","",46:55,4,1,1,供应链/硬件制造,"供应链/硬件制造",06-11 13:06
7962048,"一堂-五步法落地篇","",03:00:39,4,1,1,一堂课程,"一堂课程",06-10 19:18
7958933,"一堂-商业壁垒课程","一堂五步法",02:12:55,4,1,1,一堂课程,"一堂课程|商业方法论",06-10 17:05
7950882,"一堂-五步法增长课程","一堂五步法",01:46:59,4,1,1,一堂课程,"一堂课程",06-10 14:22
7946945,"一堂-AI落地行动营课程","一堂五步法",02:29:56,4,1,1,AI/技术,"AI/技术|一堂课程|商业方法论|销售/招商/合作沟通",06-10 11:52
7939062,"一堂-单元模型课程","一堂五步法",02:15:37,4,1,1,商业方法论,"商业方法论|一堂课程",06-10 09:06
7931992,"一堂-产品内核课程","一堂五步法",02:25:10,4,1,1,一堂课程,"一堂课程",06-09 19:09
7923077,"润馨堂-公司债务与发展沟通","",55:13,4,1,1,未分类,"",06-09 14:59
7908080,"一堂-需求分析课程","一堂五步法",03:00:42,4,1,1,一堂课程,"一堂课程",06-09 08:31
7903685,"AI专栏-学习分享","水水拆书",01:52:52,4,1,1,AI/技术,"AI/技术",06-08 20:17
7898987,"运营小程序-功能讨论","巨米软件",45:37,4,1,1,智能药柜/医疗业务,"智能药柜/医疗业务|内部技术/工作讨论|诊所/患者相关|医疗系统/合规|销售/招商/合作沟通",06-08 16:57
7887367,"鑫港湾-业务经营会议","",01:15:09,4,1,1,智能药柜/医疗业务,"智能药柜/医疗业务|商业方法论",06-08 12:21
7882941,"数字展厅-智能药柜方案沟通","",50:29,4,1,1,智能药柜/医疗业务,"智能药柜/医疗业务|AI/技术|一堂课程",06-08 10:32
7868555,"一堂-需求分析课程","",02:02:29,4,1,1,一堂课程,"一堂课程",06-07 14:52
7867210,"一堂-五步法课程","",02:12:52,4,1,1,一堂课程,"一堂课程",06-07 12:39
7849729,"楚门-记笔记方法培训","",01:14:20,4,1,1,AI/技术,"AI/技术|一堂课程|内部技术/工作讨论",06-05 23:21
7848461,"一堂-AI时代清单体笔记","",01:50:29,4,1,1,AI/技术,"AI/技术|一堂课程",06-05 21:00
7845053,"一堂-关键假设课程","",02:02:58,4,1,1,一堂课程,"一堂课程",06-05 17:31
7830154,"一堂-商业预判课程","",02:26:40,4,1,1,一堂课程,"一堂课程|商业方法论",06-05 10:56
7822579,"AI俱乐部-AI协作方法论分享","",02:25:42,4,1,1,AI/技术,"AI/技术|一堂课程",06-05 08:23
7817815,"一堂-AI学习落地分享","",01:55:00,4,1,1,AI/技术,"AI/技术|一堂课程|商业方法论",06-04 19:59
7793111,"一堂-产品内核迭代课程","",02:43:18,4,1,1,一堂课程,"一堂课程|商业方法论|内部技术/工作讨论",06-04 08:46
7787000,"一堂-产品内核验证课","",02:28:21,4,1,1,一堂课程,"一堂课程",06-03 19:27
7761497,"一堂-产品内核实操课","",02:15:04,4,1,1,一堂课程,"一堂课程|商业方法论",06-03 08:19
7759098,"AI场景落地方法分享","",01:17:06,4,1,1,AI/技术,"AI/技术|一堂课程|商业方法论",06-02 22:43
7756785,"世界发展-偶然与必然讨论","",02:17:45,4,1,1,内部技术/工作讨论,"内部技术/工作讨论",06-02 20:09
7734624,"中医数字化-AI解决方案介绍","",16:04,4,1,1,医疗系统/合规,"医疗系统/合规|智能药柜/医疗业务|AI/技术",06-02 10:12
7703261,"多人-机型确定与供应商会议","",20:12,4,1,1,智能药柜/医疗业务,"智能药柜/医疗业务|内部技术/工作讨论",06-01 09:43
7688248,"一堂-数据飞轮培训","",37:31,4,1,1,AI/技术,"AI/技术|一堂课程|内部技术/工作讨论",05-31 10:43
7685126,"一堂-AI数据飞轮方法论","",01:24:34,4,1,1,AI/技术,"AI/技术|一堂课程",05-30 23:15
7683984,"张磊-健康数据管理会议","",23:01,4,1,1,智能药柜/医疗业务,"智能药柜/医疗业务",05-30 21:03
7676884,"一堂-AI数据必修课","AI学习",01:09:22,4,1,1,AI/技术,"AI/技术|一堂课程",05-30 11:33
7672148,"AI数据第一课闲聊篇.mp4","AI学习|客户销售",49:15,4,1,1,AI/技术,"AI/技术|一堂课程",05-30 01:42
7639180,"Leo-文创案例设计课","AI学习",02:30:47,4,1,1,AI/技术,"AI/技术|一堂课程",05-28 19:30
7609223,"多人-供应链赋能项目会议","",02:55:33,4,1,1,供应链/硬件制造,"供应链/硬件制造|内部技术/工作讨论",05-27 18:42
7580930,"李诞-工作与创作分享","",02:24:43,4,1,1,未分类,"",05-26 20:02
7505843,"张磊-单元模型培训","单元模型",02:04:50,4,1,1,一堂课程,"一堂课程|AI/技术|商业方法论",05-23 21:08
7490653,"2026-05-22 20:58 录音","",00:32,90,0,3,未分类,"",05-22 20:58
7448908,"多人-硬件故障排查","",27:21,4,1,1,供应链/硬件制造,"供应链/硬件制造",05-21 16:37
7444322,"多人-药店运营模式沟通","",19:40,4,1,1,智能药柜/医疗业务,"智能药柜/医疗业务|一堂课程",05-21 15:07
7422751,"国帅-AI时代判断力分享","AI学习",03:00:12,4,1,1,AI/技术,"AI/技术|一堂课程",05-20 19:59
7389337,"一堂-规模经济分析课","单元模型",02:31:40,4,1,1,一堂课程,"一堂课程|商业方法论",05-19 23:59
7386042,"一堂-科学提问直播","AI学习",02:59:13,4,1,1,AI/技术,"AI/技术|一堂课程",05-19 20:04
7381580,"一堂-单元模型课程","单元模型",02:07:56,4,1,1,一堂课程,"一堂课程",05-19 16:58
7371206,"一堂-单元模型实操课","单元模型",03:00:00,4,1,1,一堂课程,"一堂课程",05-19 13:40
7366314,"一堂-单元模型实操课","单元模型",02:44:38,4,1,1,一堂课程,"一堂课程|销售/招商/合作沟通",05-19 10:55
7356146,"一堂-AI工具应用AMA","AI学习",08:08:52,4,1,1,AI/技术,"AI/技术|一堂课程",05-19 00:19
7319551,"月白-AI设计基础分享","",01:37:28,4,1,1,AI/技术,"AI/技术|一堂课程",05-17 22:55
7316387,"AI设计-AI设计师实操培训","",03:15:12,4,1,1,AI/技术,"AI/技术|一堂课程",05-17 18:44
7301634,"多人-智能设备开发沟通","",01:26:31,4,1,1,医疗系统/合规,"医疗系统/合规|AI/技术|供应链/硬件制造|内部技术/工作讨论",05-16 17:32
7296034,"多人-硬件开发技术沟通","",53:48,4,1,1,智能药柜/医疗业务,"智能药柜/医疗业务|供应链/硬件制造|内部技术/工作讨论",05-16 12:27
7289067,"一堂-AI落地行动营","",03:00:10,4,1,1,AI/技术,"AI/技术|一堂课程|商业方法论",05-16 03:37
7288745,"一堂-RY科学决策课程","科学决策",02:27:43,4,1,1,一堂课程,"一堂课程",05-16 01:01
7286633,"一堂-ROI系列课最后一节","科学决策",02:20:35,4,1,1,一堂课程,"一堂课程|商业方法论",05-15 21:19
7284548,"一堂-ROI系列课第三讲","科学决策",02:14:14,4,1,1,一堂课程,"一堂课程|商业方法论",05-15 19:02
7265692,"多人-烟花行业数字化讨论","",01:44:18,4,1,1,内部技术/工作讨论,"内部技术/工作讨论",05-15 11:02
7259388,"何老师-智能入口开发会议","",01:45:35,4,1,1,内部技术/工作讨论,"内部技术/工作讨论",05-15 09:18
7254330,"一堂-ROI决策宽度实操课","科学决策",02:10:56,4,1,1,一堂课程,"一堂课程|商业方法论",05-14 23:07
7252013,"一堂-ROI评估课程","科学决策",02:20:02,4,1,1,一堂课程,"一堂课程|商业方法论",05-14 20:47
7247298,"药柜-技术开发沟通","",01:40:31,4,1,1,智能药柜/医疗业务,"智能药柜/医疗业务|内部技术/工作讨论",05-14 17:30
7211284,"吴恩达-提示词课程分享","",02:05:12,4,1,1,AI/技术,"AI/技术|内部技术/工作讨论",05-13 17:51
7180367,"袁总-项目合作沟通","",01:18:48,4,1,1,智能药柜/医疗业务,"智能药柜/医疗业务|销售/招商/合作沟通",05-12 22:55
7174842,"多人-运营合作模式沟通","",31:07,4,1,1,销售/招商/合作沟通,"销售/招商/合作沟通",05-12 18:22
7174035,"多人-租房费用结算沟通","",03:20,4,1,1,未分类,"",05-12 17:54
7164632,"医疗AI-垂类模型应用讨论","",02:04:10,4,1,1,医疗系统/合规,"医疗系统/合规|智能药柜/医疗业务|AI/技术|内部技术/工作讨论",05-12 14:52
7156874,"多人-机器人行业交流","",53:12,4,1,1,智能药柜/医疗业务,"智能药柜/医疗业务|内部技术/工作讨论",05-12 11:39
7151864,"多人-新疆医疗项目合作","",01:28:04,4,1,1,智能药柜/医疗业务,"智能药柜/医疗业务|医疗系统/合规|销售/招商/合作沟通",05-12 10:10
7143237,"一堂-讲香基本功课程","",03:00:07,4,1,1,一堂课程,"一堂课程",05-12 00:39
7095114,"一堂-思维模型案例分享","",02:30:30,4,1,1,一堂课程,"一堂课程",05-10 16:47
7091957,"Y模型探索营-第二节课","Y模型",02:41:06,4,1,1,一堂课程,"一堂课程",05-10 14:06
7089595,"一堂-Y模型实操探索营","Y模型",02:25:09,4,1,1,一堂课程,"一堂课程",05-10 11:36
7081410,"一堂-泛产品设计课程","泛产品设计",02:44:17,4,1,1,一堂课程,"一堂课程|内部技术/工作讨论",05-09 23:08
7079152,"楚门-泛产品设计审美课","泛产品设计",02:57:27,4,1,1,一堂课程,"一堂课程",05-09 20:10
7076511,"一堂-泛产品设计实操课","泛产品设计",02:23:12,4,1,1,一堂课程,"一堂课程",05-09 17:47
7067088,"一堂-泛产品设计课程","泛产品设计",03:38:42,4,1,1,一堂课程,"一堂课程",05-09 14:08
7051096,"SPIN销售法-读书会","",02:27:46,4,1,1,销售/招商/合作沟通,"销售/招商/合作沟通|一堂课程|内部技术/工作讨论",05-08 23:17
7049040,"一堂-调研行动营课程","调研课题",02:20:21,4,1,1,AI/技术,"AI/技术|一堂课程|内部技术/工作讨论",05-08 20:56
7016471,"一堂-泛产品设计课程","泛产品设计",02:56:58,4,1,1,一堂课程,"一堂课程",05-07 22:24
7013356,"一堂-泛产品设计工具课","泛产品设计",02:48:55,4,1,1,一堂课程,"一堂课程",05-07 19:35
7009001,"一堂-泛产品设计探索营","泛产品设计",02:42:04,4,1,1,一堂课程,"一堂课程",05-07 16:51
6986408,"一堂-知识萃取探索营","",02:20:03,4,1,1,一堂课程,"一堂课程|内部技术/工作讨论",05-07 01:08
6979994,"一堂-科学学习认知篇","",02:57:46,4,1,1,一堂课程,"一堂课程",05-06 17:30
6969299,"一堂-IPO模型实操课","",03:00:04,4,1,1,一堂课程,"一堂课程",05-06 13:07
6969289,"2026-05-06 13:07 录音","",00:00,90,0,3,未分类,"",05-06 13:07
6969035,"周末成长之旅-直播课","",10:56,4,1,1,未分类,"",05-06 12:56
6955043,"一堂-案例必修课","",02:50:06,4,1,1,一堂课程,"一堂课程",05-05 22:00
6951012,"一堂-课程地图精华串讲","",03:48:00,4,1,1,一堂课程,"一堂课程|AI/技术",05-05 16:05
6942341,"张磊-调研问诊直播","",02:45:33,4,1,1,诊所/患者相关,"诊所/患者相关|AI/技术|一堂课程",05-04 20:03
6922928,"一堂-调研行动营启动","",02:49:39,4,1,1,AI/技术,"AI/技术|一堂课程",05-02 17:46
6921182,"多人-租房退租沟通","",02:23:15,4,1,1,未分类,"",05-02 14:29
6879494,"一堂-调研方法培训","",02:56:49,4,1,1,AI/技术,"AI/技术|一堂课程",04-29 21:05
6757945,"AI选品工具需求沟通会","",01:03:01,4,1,1,AI/技术,"AI/技术|销售/招商/合作沟通",04-25 21:41
6752346,"多人-系统费用沟通","",04:31,4,1,1,未分类,"",04-25 15:17
6695536,"多人-云聚米系统沟通","",01:29:34,4,1,1,智能药柜/医疗业务,"智能药柜/医疗业务|诊所/患者相关",04-23 16:15
6627749,"奢侈品-存量时代营销逻辑","",01:56:15,4,1,1,AI/技术,"AI/技术|商业方法论",04-21 20:26
6578799,"药柜设备-技术方案讨论","",01:49:40,4,1,1,智能药柜/医疗业务,"智能药柜/医疗业务|供应链/硬件制造|内部技术/工作讨论",04-20 15:21
6562680,"黑系统-云巨米对接沟通","",12:06,4,1,1,智能药柜/医疗业务,"智能药柜/医疗业务",04-20 09:42
6552291,"一堂-调研黑客奥斯卡模型","",02:27:10,4,1,1,一堂课程,"一堂课程",04-19 19:47
6507276,"团队-项目周会","",19:55,4,1,1,智能药柜/医疗业务,"智能药柜/医疗业务",04-17 15:09
6498808,"多人-报价表拆分沟通","",02:10:09,4,1,1,内部技术/工作讨论,"内部技术/工作讨论|医疗系统/合规",04-17 11:32
6480162,"AI员工-数字产品创业案例","",01:18:14,4,1,1,AI/技术,"AI/技术",04-16 18:40
6445435,"AI工具使用分享","",01:46:19,4,1,1,AI/技术,"AI/技术",04-15 20:08
6381404,"设备对接-技术讨论会议","鑫港湾和千惠技术对接",45:34,4,1,1,智能药柜/医疗业务,"智能药柜/医疗业务|内部技术/工作讨论",04-14 10:09
6362082,"鑫港湾-数字药房规划会议","",01:02:35,4,1,1,智能药柜/医疗业务,"智能药柜/医疗业务",04-13 16:47
6323276,"医疗AI项目-创客沟通","",51:33,4,1,1,诊所/患者相关,"诊所/患者相关|智能药柜/医疗业务|医疗系统/合规|AI/技术|一堂课程",04-12 15:00
6321762,"多人-医疗AI项目沟通","",05:59,4,1,1,医疗系统/合规,"医疗系统/合规|AI/技术",04-12 13:39
6311449,"一堂-商业项目宣讲会","",05:15:54,4,1,1,AI/技术,"AI/技术|一堂课程|商业方法论",04-11 19:51
6272697,"外卖平台-智能分单系统沟通","鑫港湾和千惠技术对接",02:20:48,4,1,1,未分类,"",04-10 12:54
6272340,"2026-04-10 12:40 录音","鑫港湾和千惠技术对接",00:30,4,1,3,未分类,"",04-10 12:40
6269640,"货柜-结构与电子方案讨论","鑫港湾和千惠技术对接",01:19:06,4,1,1,内部技术/工作讨论,"内部技术/工作讨论",04-10 11:20
6253966,"一堂-项目展演会议","",54:45,4,1,1,AI/技术,"AI/技术|一堂课程|销售/招商/合作沟通|内部技术/工作讨论",04-09 22:48
6249248,"一堂-项目宣讲会","",03:30:18,4,1,1,医疗系统/合规,"医疗系统/合规|AI/技术|一堂课程|供应链/硬件制造|内部技术/工作讨论",04-09 19:09
6191702,"鑫港湾-业务规划沟通","",10:43,4,1,1,智能药柜/医疗业务,"智能药柜/医疗业务|销售/招商/合作沟通",04-08 13:13
6184804,"药品售卖机-技术方案会议","",01:35:38,4,1,1,AI/技术,"AI/技术|智能药柜/医疗业务|内部技术/工作讨论",04-08 10:22
6167714,"多人-AI开发技术讨论","",21:37,4,1,1,内部技术/工作讨论,"内部技术/工作讨论|智能药柜/医疗业务|AI/技术|供应链/硬件制造",04-07 17:29
6149126,"多人-项目联调问题沟通","",04:54:46,4,1,1,内部技术/工作讨论,"内部技术/工作讨论",04-07 10:41
6124364,"一堂-AI调研方法论","",01:37:13,4,1,1,AI/技术,"AI/技术|一堂课程",04-06 00:28
6107157,"一堂-调研武器库课程","调研课题",03:20:54,4,1,1,AI/技术,"AI/技术|一堂课程",04-04 10:50
6086504,"多人-FD模式解析","商业路径探索",05:08,4,1,1,AI/技术,"AI/技术|商业方法论|内部技术/工作讨论",04-03 12:27
6086372,"超级个体-百万美元架构师","商业路径探索",04:35,4,1,1,商业方法论,"商业方法论|AI/技术",04-03 12:20
6036620,"魏哲-企业效率管理分享","",01:46:07,4,1,1,未分类,"",04-02 00:12
6009986,"智能设备-外卖对接方案讨论","",01:20:40,4,1,1,内部技术/工作讨论,"内部技术/工作讨论",04-01 10:41
5981557,"多人-外卖系统合作讨论","袁总、廖总和我",03:15:35,4,1,1,销售/招商/合作沟通,"销售/招商/合作沟通|智能药柜/医疗业务|供应链/硬件制造|内部技术/工作讨论",03-31 14:50
5947278,"朱总-不良资产处置沟通","",34:03,4,1,1,AI/技术,"AI/技术",03-30 16:42
5927772,"设备优化方案沟通","",13:22,4,1,1,诊所/患者相关,"诊所/患者相关",03-30 10:39
5926497,"多人-硬件合作与产品开发讨论","",15:29,4,1,1,内部技术/工作讨论,"内部技术/工作讨论|供应链/硬件制造|销售/招商/合作沟通",03-30 10:23
5923489,"多人-云巨米系统流程讨论","",37:44,4,1,1,智能药柜/医疗业务,"智能药柜/医疗业务|AI/技术|内部技术/工作讨论",03-30 09:46
5876717,"一堂-商业突破大航海宣讲","",04:01:37,4,1,1,一堂课程,"一堂课程|AI/技术|商业方法论",03-27 21:02
5866961,"设备药物项目沟通","",03:31,4,1,1,诊所/患者相关,"诊所/患者相关",03-27 15:43
5865556,"多人-商标合作洽谈","",05:34,4,1,1,销售/招商/合作沟通,"销售/招商/合作沟通",03-27 15:21
5855922,"20260112 科学销售智能体李蕊.mp4","",22:58,4,1,3,AI/技术,"AI/技术|销售/招商/合作沟通",03-27 12:02
5803507,"活体保鲜柜-技术与市场讨论","",02:44:40,4,1,1,智能药柜/医疗业务,"智能药柜/医疗业务|供应链/硬件制造|销售/招商/合作沟通|内部技术/工作讨论",03-26 09:40
5791149,"一堂-AI智能体协作培训","",05:11:48,4,1,1,AI/技术,"AI/技术|一堂课程",03-25 20:06
5770638,"多人-智能药柜合作会议","",03:11:19,4,1,1,智能药柜/医疗业务,"智能药柜/医疗业务",03-25 13:13
5751662,"一堂-《原则》拆书分享","",01:59:03,4,1,1,一堂课程,"一堂课程",03-24 23:56
5704540,"AI学习范式转型案例分享","",01:01:50,4,1,1,AI/技术,"AI/技术|一堂课程",03-23 22:45
5702796,"AI内容生产案例分享","",01:05:57,4,1,1,AI/技术,"AI/技术|一堂课程|供应链/硬件制造",03-23 21:17
5701097,"一堂-AI操作系统大课","",56:31,4,1,1,AI/技术,"AI/技术|一堂课程|销售/招商/合作沟通",03-23 20:01
5678546,"多人-项目合作沟通","",01:48:35,4,1,1,销售/招商/合作沟通,"销售/招商/合作沟通|医疗系统/合规|供应链/硬件制造",03-23 12:17
5674503,"多人-医疗系统开发讨论","",01:07:09,4,1,1,智能药柜/医疗业务,"智能药柜/医疗业务|医疗系统/合规|内部技术/工作讨论",03-23 10:57
5642463,"AI专家-工作方式复盘","",03:32,4,1,1,AI/技术,"AI/技术|内部技术/工作讨论",03-21 22:49
5642250,"花总-AI制造业应用","",18:31,4,1,1,AI/技术,"AI/技术|一堂课程",03-21 22:31
5642058,"谭代超-AI学习成长案例","",16:29,4,1,1,AI/技术,"AI/技术|一堂课程",03-21 22:14
5641781,"D同学-AI技术落地案例","",19:11,4,1,1,AI/技术,"AI/技术",03-21 21:55
5641459,"AI-个人知识管理转型","",19:51,4,1,1,AI/技术,"AI/技术",03-21 21:35
5640705,"一堂-公司AI转型","",08:58,4,1,1,AI/技术,"AI/技术|一堂课程",03-21 20:43
5640373,"酒店行业-AI标签审核案例","",25:19,4,1,1,AI/技术,"AI/技术",03-21 20:17
5640077,"硬件公司-AI专利落地案例","",25:54,4,1,1,AI/技术,"AI/技术|供应链/硬件制造",03-21 19:50
5639853,"贝壳-云管家AI外呼案例","",15:01,4,1,1,AI/技术,"AI/技术",03-21 19:35
5639044,"龙虾团队-skill创建过程","",08:03,4,1,1,AI/技术,"AI/技术",03-21 18:39
5638948,"AI组织行为学研究","",05:52,4,1,1,AI/技术,"AI/技术",03-21 18:33
5638868,"一堂-官网设计实践","",06:44,4,1,1,AI/技术,"AI/技术|一堂课程",03-21 18:26
5638837,"刘凯-图书AI出版案例","",02:56,4,1,1,AI/技术,"AI/技术|一堂课程",03-21 18:23
5638569,"阿豪-自动选品系统案例","",19:02,4,1,1,AI/技术,"AI/技术",03-21 18:04
5638247,"天漠-室内设计AI应用案例","",17:29,4,1,1,AI/技术,"AI/技术|一堂课程",03-21 17:47
5633019,"一堂-AI操作系统大课","",03:15:08,4,1,1,AI/技术,"AI/技术|一堂课程",03-21 14:00
5623754,"刘兰-学习力分享.mp3","",02:21:07,4,1,1,一堂课程,"一堂课程",03-21 00:14
5600368,"多人-项目合作与AI应用讨论","",40:20,4,1,1,智能药柜/医疗业务,"智能药柜/医疗业务|AI/技术|供应链/硬件制造|销售/招商/合作沟通|内部技术/工作讨论",03-20 11:55
5557835,"多人-医院项目对接会议","鑫港湾袁总需求",15:53,4,1,1,智能药柜/医疗业务,"智能药柜/医疗业务|医疗系统/合规|AI/技术|供应链/硬件制造|内部技术/工作讨论",03-19 13:24
5553176,"多人-医疗系统开发沟通","鑫港湾袁总需求",01:27:55,4,1,1,智能药柜/医疗业务,"智能药柜/医疗业务|医疗系统/合规|供应链/硬件制造|内部技术/工作讨论",03-19 11:16
5512553,"医药项目-系统开发会议","鑫港湾袁总需求",02:52:09,4,1,1,智能药柜/医疗业务,"智能药柜/医疗业务",03-18 13:55
5507305,"多人-药店O2O战略讨论","",34:24,4,1,1,供应链/硬件制造,"供应链/硬件制造|内部技术/工作讨论",03-18 11:36
5485052,"咨询顾问-专业分享","水水拆书",02:48:27,4,1,1,销售/招商/合作沟通,"销售/招商/合作沟通",03-17 20:05
5422235,"多人-医疗系统调研讨论","",59:39,4,1,1,内部技术/工作讨论,"内部技术/工作讨论|医疗系统/合规|智能药柜/医疗业务",03-16 15:02
5404488,"医药公司-医院设备需求沟通","",09:17,4,1,1,智能药柜/医疗业务,"智能药柜/医疗业务|医疗系统/合规",03-16 10:08
5383332,"龙虾-AI原生IM工具演示","",40:38,4,1,1,AI/技术,"AI/技术|一堂课程",03-15 15:45
5290930,"学习力-五项修炼培训","",01:42:57,4,1,1,未分类,"",03-12 20:10
5273087,"一堂-AI龙虾使用分享","",01:48:46,4,1,1,AI/技术,"AI/技术|一堂课程",03-12 14:29
5239048,"债务纠纷-法律咨询","",01:02:04,4,1,1,销售/招商/合作沟通,"销售/招商/合作沟通",03-11 17:51
5234430,"银行起诉-房产纠纷咨询","",23:25,4,1,1,销售/招商/合作沟通,"销售/招商/合作沟通",03-11 16:18
5196211,"学习之美-学习方法分享","",01:11:26,4,1,1,未分类,"",03-10 23:10
5191422,"刘兰-学习力分享","刘澜学习力分享",02:21:08,4,1,1,未分类,"",03-10 20:15
5187706,"一堂-调研武器库课程","",01:38:48,4,1,1,一堂课程,"一堂课程",03-10 18:23
5184804,"刘总-债务处理沟通","",13:56,4,1,1,未分类,"",03-10 17:08
5132055,"多人-医疗行业合规与系统开发讨论","",03:04:57,4,1,1,智能药柜/医疗业务,"智能药柜/医疗业务|内部技术/工作讨论|医疗系统/合规",03-09 19:04
5129381,"民营诊所-PASS系统需求调研","",01:02:57,4,1,1,诊所/患者相关,"诊所/患者相关|智能药柜/医疗业务|AI/技术",03-09 17:48
5060599,"多人-Open Cloud培训","",02:04:18,4,1,1,AI/技术,"AI/技术",03-07 14:20
5046524,"一堂-高阶情报调研课程","",03:12:55,4,1,1,AI/技术,"AI/技术|一堂课程",03-06 21:02
5019929,"多人-医疗系统调研讨论","",01:40:06,4,1,1,医疗系统/合规,"医疗系统/合规|智能药柜/医疗业务|诊所/患者相关|AI/技术|供应链/硬件制造|内部技术/工作讨论",03-06 10:09
5002089,"一堂-AI编程分享会","",01:55:03,4,1,1,AI/技术,"AI/技术|一堂课程",03-05 18:14
4954177,"多人-不良资产处置沟通","",02:05:25,4,1,1,未分类,"",03-04 15:12
4932930,"营销管理-最后一期拆解","",01:55:25,4,1,1,销售/招商/合作沟通,"销售/招商/合作沟通|内部技术/工作讨论",03-03 22:54
4921466,"整机制造产业链-合作沟通","",01:49:41,4,1,1,供应链/硬件制造,"供应链/硬件制造|销售/招商/合作沟通|智能药柜/医疗业务|AI/技术|内部技术/工作讨论",03-03 15:09
4880681,"多人-新港湾投资合作会议","",03:03:16,4,1,1,智能药柜/医疗业务,"智能药柜/医疗业务|销售/招商/合作沟通|内部技术/工作讨论",03-02 13:47
4873420,"公司分立-业务切割会议","",02:08:19,4,1,1,供应链/硬件制造,"供应链/硬件制造|智能药柜/医疗业务|内部技术/工作讨论",03-02 10:42
4850148,"一堂-调研方法论课程","调研课题",02:30:45,4,1,1,一堂课程,"一堂课程",03-01 14:14
4839108,"一堂-高阶建模能力培训","",03:00:55,4,1,1,一堂课程,"一堂课程|AI/技术|内部技术/工作讨论",02-28 21:23
4836407,"饮料生产-工艺与市场会议","饶军饮料合作",55:09,4,1,1,供应链/硬件制造,"供应链/硬件制造|内部技术/工作讨论",02-28 18:21
4805180,"老魏-出海创业分享","",01:51:03,4,1,1,商业方法论,"商业方法论|供应链/硬件制造",02-27 19:49
4785075,"多人-医药合规供应链合作","",03:00:20,4,1,1,智能药柜/医疗业务,"智能药柜/医疗业务",02-27 10:37
4775504,"一堂-增长飞轮培训","",01:13:10,4,1,1,一堂课程,"一堂课程",02-27 00:21
4773225,"一堂-创业案例分享","",01:58:51,4,1,1,一堂课程,"一堂课程|供应链/硬件制造|销售/招商/合作沟通|内部技术/工作讨论",02-26 21:58
4769501,"杜金科-自助棋牌室创业分享","",01:22:11,4,1,1,销售/招商/合作沟通,"销售/招商/合作沟通|一堂课程|内部技术/工作讨论",02-26 18:19
4743831,"苏州科技-to B创业分享","",01:19:48,4,1,1,一堂课程,"一堂课程",02-25 23:37
4738952,"合宙-一堂五步法案例课","",01:45:49,4,1,1,一堂课程,"一堂课程",02-25 19:01
4735648,"一堂-创业案例分享","",01:53:39,4,1,1,一堂课程,"一堂课程",02-25 16:30
4723052,"一堂-最佳实践案例分享","",03:39:42,4,1,1,一堂课程,"一堂课程|供应链/硬件制造",02-25 09:57
4713323,"波特五力模型-商业分析","",02:07:41,4,1,1,未分类,"",02-24 20:00
4701487,"张磊-一堂调研方法课程","",01:40:15,4,1,1,一堂课程,"一堂课程",02-24 11:10
4691307,"一堂-创业案例复盘课","",02:54:32,4,1,1,一堂课程,"一堂课程",02-23 20:57
4687423,"朱总-企业债务重组沟通","",01:54:34,4,1,1,未分类,"",02-23 15:19
4684291,"一堂-单元模型案例分享","",01:55:09,4,1,1,一堂课程,"一堂课程|商业方法论",02-23 10:35
4680453,"一堂-知识管理开源分享","",03:13:51,4,1,1,一堂课程,"一堂课程",02-22 22:52
4679013,"一堂-以太资本创业复盘","",02:25:45,4,1,1,一堂课程,"一堂课程",02-22 19:49
4670703,"华熙生物-抖音操盘案例课","",02:45:01,4,1,1,一堂课程,"一堂课程|商业方法论",02-21 19:04
4659647,"罗明明-轰趴馆创业分享","",02:17:29,4,1,1,一堂课程,"一堂课程",02-19 21:52
4659189,"大表哥-创业经验分享","",01:34:58,4,1,1,未分类,"",02-19 20:16
4641940,"一堂-人生红点课程","",02:16:45,4,1,1,AI/技术,"AI/技术|一堂课程",02-15 18:12
4634648,"一堂-人生红点规划培训","",02:23:58,4,1,1,AI/技术,"AI/技术|一堂课程",02-14 11:31
4624296,"一堂-创业案例分享会","",02:43:51,4,1,1,一堂课程,"一堂课程",02-13 10:48
4612968,"挂脖空调-新品增长案例","",02:20:45,4,1,1,内部技术/工作讨论,"内部技术/工作讨论",02-12 13:30
4573304,"一堂-里程碑拆书直播","",01:52:25,4,1,1,一堂课程,"一堂课程|商业方法论",02-09 23:38
4568326,"多人-技术方案讨论","",01:07:06,4,1,1,销售/招商/合作沟通,"销售/招商/合作沟通|内部技术/工作讨论",02-09 16:50
4551539,"医美创业失败复盘","",02:47:05,4,1,1,一堂课程,"一堂课程|销售/招商/合作沟通",02-08 16:16
4551449,"医美-创业复盘","",07:22,4,1,1,销售/招商/合作沟通,"销售/招商/合作沟通",02-08 16:08
4539570,"一堂-第十一届创业马拉松启动会","",01:49:50,4,1,1,AI/技术,"AI/技术|一堂课程",02-07 12:20
4538028,"一堂-里程碑思维拆书","",01:49:57,4,1,1,一堂课程,"一堂课程|AI/技术|商业方法论",02-07 10:19
4528361,"硬件合作-医药设备沟通","",01:20:26,4,1,1,医疗系统/合规,"医疗系统/合规|供应链/硬件制造|销售/招商/合作沟通",02-06 15:29
4498750,"系统部署方案讨论","",01:26:24,4,1,1,内部技术/工作讨论,"内部技术/工作讨论|供应链/硬件制造|销售/招商/合作沟通",02-05 09:57
4491909,"一堂-里程碑书籍共读","",02:16:16,4,1,1,一堂课程,"一堂课程|AI/技术",02-04 20:04
4480119,"多人-预包装饮品项目沟通","饶军饮料合作",02:10:49,4,1,1,销售/招商/合作沟通,"销售/招商/合作沟通|内部技术/工作讨论",02-04 10:44
4472179,"AI时代-读书价值分享","",03:30:29,4,1,1,AI/技术,"AI/技术|一堂课程|商业方法论",02-03 20:10
4466051,"多人-医药设备项目沟通","",01:54:48,4,1,1,供应链/硬件制造,"供应链/硬件制造|AI/技术|商业方法论",02-03 15:09
4460180,"2026-02-03 10:49 录音","",02:43,90,0,3,未分类,"",02-03 10:49
4451859,"AI大航海-书籍共创会议","",01:41:58,4,1,1,AI/技术,"AI/技术|一堂课程|商业方法论|销售/招商/合作沟通|内部技术/工作讨论",02-02 20:27
4431344,"一堂-AI方法论实践课","",03:26:12,4,1,1,一堂课程,"一堂课程|AI/技术",02-01 21:03
4410138,"一堂-需求评估方法论","",03:28:23,4,1,1,一堂课程,"一堂课程",01-30 21:02
4399177,"多人-产品成本与渠道会议","",58:42,4,1,1,内部技术/工作讨论,"内部技术/工作讨论|供应链/硬件制造|销售/招商/合作沟通",01-30 11:28
4390298,"一堂-AI大航海项目复盘","",01:58:40,4,1,1,AI/技术,"AI/技术|一堂课程",01-29 20:48
4386557,"创业经验分享会","",01:57:40,4,1,1,商业方法论,"商业方法论|一堂课程",01-29 16:59
4376859,"陆医生-设备合作沟通会","",02:36:02,4,1,1,销售/招商/合作沟通,"销售/招商/合作沟通|诊所/患者相关",01-29 11:43
4373810,"多人-项目合作沟通","",01:17:33,4,1,1,销售/招商/合作沟通,"销售/招商/合作沟通|商业方法论|内部技术/工作讨论",01-29 10:10
4364641,"一堂-创业案例分享会","",02:11:07,4,1,1,一堂课程,"一堂课程",01-28 18:01
4362442,"初三-寒假学习规划会议","",19:38,4,1,1,内部技术/工作讨论,"内部技术/工作讨论",01-28 16:28
4360030,"家长-中考政策沟通会","",58:50,4,1,1,未分类,"",01-28 15:19
4344398,"渠道与零售管理分享","",03:06:10,4,1,1,销售/招商/合作沟通,"销售/招商/合作沟通",01-27 20:11
4335322,"一堂-创业失败案例分享","",04:03:06,4,1,1,一堂课程,"一堂课程",01-27 14:09
4322019,"耿一馨-一堂融资培训课","",45:43,4,1,1,一堂课程,"一堂课程|商业方法论",01-26 20:49
4319927,"一堂-新人落地必修课","",01:53:08,4,1,1,一堂课程,"一堂课程",01-26 18:08
4318026,"多人-饮料产品销售会议","",43:35,4,1,1,销售/招商/合作沟通,"销售/招商/合作沟通|供应链/硬件制造|内部技术/工作讨论",01-26 16:45
4314556,"苏杰-PM招聘必修课","",38:52,4,1,1,未分类,"",01-26 15:06
4307765,"多人-产品销售复盘会议","",01:29:06,4,1,1,供应链/硬件制造,"供应链/硬件制造",01-26 10:47
4288010,"一堂-AI方法论探索","",05:59:56,4,1,1,AI/技术,"AI/技术|一堂课程",01-24 21:00
4280702,"一堂-教研团队成长分享","",03:12:02,4,1,1,一堂课程,"一堂课程|销售/招商/合作沟通",01-24 11:00
4275381,"一堂-世总会0到1实践","",01:48:10,4,1,1,一堂课程,"一堂课程",01-23 21:17
4273172,"一堂-To B业务探索分享","",02:24:25,4,1,1,一堂课程,"一堂课程",01-23 17:59
4269943,"一堂-学员成长分享","",02:02:59,4,1,1,AI/技术,"AI/技术|一堂课程",01-23 15:55
4265699,"凯文凯利-必然趋势分享","",01:39:41,4,1,1,AI/技术,"AI/技术",01-23 13:47
4231073,"多人-项目问题沟通","",26:57,4,1,1,未分类,"",01-21 21:05
4226418,"药店-选址选品运营讨论","",16:26,4,1,1,内部技术/工作讨论,"内部技术/工作讨论",01-21 16:36
4216993,"多人-药店数字化运营讨论","",01:17:14,4,1,1,AI/技术,"AI/技术|商业方法论|供应链/硬件制造|内部技术/工作讨论",01-21 11:07
4205951,"多人-药店行业合作讨论","",02:27:35,4,1,1,智能药柜/医疗业务,"智能药柜/医疗业务|AI/技术|销售/招商/合作沟通|内部技术/工作讨论",01-20 18:36
4202631,"医药零售-运营模式讨论","",02:06:14,4,1,1,智能药柜/医疗业务,"智能药柜/医疗业务|AI/技术|供应链/硬件制造|内部技术/工作讨论",01-20 16:14
4150765,"20260118TCP开放麦盈盈莫非花总_20260118_00460315.mp3","",03:34:40,4,1,1,AI/技术,"AI/技术|一堂课程|销售/招商/合作沟通",01-18 00:52
4149520,"一堂-讲师能力与AI应用分享","",02:41:18,4,1,1,AI/技术,"AI/技术|一堂课程|销售/招商/合作沟通",01-17 21:56
4148903,"一堂-教学能力修炼分享","",50:45,4,1,1,一堂课程,"一堂课程",01-17 21:06
4148886,"一堂-线下训战营介绍","",02:27,4,1,1,一堂课程,"一堂课程|商业方法论|内部技术/工作讨论",01-17 21:03
4134315,"一堂-需求分析方法论","",03:46:43,4,1,1,一堂课程,"一堂课程|AI/技术",01-16 21:08
4109908,"老魏-创业体系分享","",01:10:01,4,1,1,未分类,"",01-15 22:19
4092592,"多人-药店数字化改造讨论","",03:02:41,4,1,1,AI/技术,"AI/技术|内部技术/工作讨论",01-15 11:11
4084003,"1113冉鹏讲战略-converted.mov","战略",04:26:42,4,1,1,销售/招商/合作沟通,"销售/招商/合作沟通",01-14 23:04
4078290,"朱总-项目履约沟通","",16:56,4,1,1,未分类,"",01-14 17:39
4067012,"爱的语言-理论与实践分享","",35:52,4,1,1,未分类,"",01-14 11:25
4053861,"一堂-TCPR模型高阶能力培训","",02:52:40,4,1,1,一堂课程,"一堂课程|销售/招商/合作沟通",01-13 18:32
4046714,"一堂武智院-项目介绍","",18:54,4,1,1,AI/技术,"AI/技术|一堂课程",01-13 14:39
4045819,"533号战队-小红书AI自动化分享","",20:05,4,1,1,AI/技术,"AI/技术|商业方法论",01-13 14:17
4044940,"2298战队-AI组织落地探索","",19:01,4,1,1,AI/技术,"AI/技术|商业方法论",01-13 13:56
4044361,"唐三超-奶糖项目汇报","",18:55,4,1,1,AI/技术,"AI/技术|一堂课程|内部技术/工作讨论",01-13 13:36
4043855,"电商AI系统-MVP竞选分享","",19:04,4,1,1,AI/技术,"AI/技术|一堂课程|销售/招商/合作沟通|内部技术/工作讨论",01-13 13:15
4043497,"71号-小红书AI商业化笔记","",19:12,4,1,1,AI/技术,"AI/技术|一堂课程",01-13 12:54
4043229,"一飞-短视频AI智能体分享","",13:37,4,1,1,AI/技术,"AI/技术|一堂课程",01-13 12:37
4042877,"科创号1301-AI应用落地汇报","",17:59,4,1,1,一堂课程,"一堂课程|AI/技术",01-13 12:17
4042110,"电商团队-AI提效项目分享","",17:15,4,1,1,AI/技术,"AI/技术",01-13 11:37
4041634,"方正影-AI学习经验分享","",16:13,4,1,1,AI/技术,"AI/技术|一堂课程",01-13 11:19
4033964,"王欢-团队复盘分享","",20:47,4,1,1,AI/技术,"AI/技术|一堂课程",01-13 02:07
4033918,"稳住战队-价值投资大师项目","",15:13,4,1,1,内部技术/工作讨论,"内部技术/工作讨论",01-13 01:49
4033871,"无限进步战队-AI内容营销路演","",18:32,4,1,1,AI/技术,"AI/技术|一堂课程",01-13 01:28
4033787,"大星-AI大航海路演","",19:36,4,1,1,AI/技术,"AI/技术|一堂课程|商业方法论",01-13 01:06
4033625,"337号船-短视频AI自动化","",24:50,4,1,1,一堂课程,"一堂课程|AI/技术|供应链/硬件制造",01-13 00:34
4033525,"个人-AI航海成果汇报","",17:55,4,1,1,一堂课程,"一堂课程|AI/技术",01-13 00:13
4033304,"AI博客项目-经验分享","",18:16,4,1,1,AI/技术,"AI/技术",01-12 23:45
4033147,"房浩洋-AI剧本杀项目路演","",16:56,4,1,1,AI/技术,"AI/技术",01-12 23:26
4032889,"刘凯-AI调研平台项目汇报","",19:05,4,1,1,AI/技术,"AI/技术|商业方法论",01-12 23:04
4030409,"多人-陈皮项目合作沟通","",02:07:03,4,1,1,销售/招商/合作沟通,"销售/招商/合作沟通|供应链/硬件制造",01-12 20:25
4028344,"2026-01-12 18:22 录音","",00:44,-2,0,3,未分类,"",01-12 18:22
4027464,"AI漫剧项目复盘","",19:08,4,1,1,AI/技术,"AI/技术|商业方法论",01-12 17:40
4026879,"出海智行-项目介绍","",17:56,4,1,1,AI/技术,"AI/技术",01-12 17:18
4025217,"瑶光阁-非遗珠宝项目汇报","",24:11,4,1,1,AI/技术,"AI/技术",01-12 16:27
4024386,"大航海-AI项目成果分享","",20:54,4,1,1,AI/技术,"AI/技术",01-12 16:05
4023226,"AI旋风组-项目介绍","",21:13,4,1,1,一堂课程,"一堂课程|AI/技术",01-12 15:33
4001647,"一起引擎-由来与初心介绍","",24:28,4,1,1,未分类,"",01-11 17:58
4000283,"多人-出海跨境电商培训","",01:39:51,4,1,1,商业方法论,"商业方法论",01-11 16:18
3997630,"多人-商业交流讨论","",02:25:39,4,1,1,供应链/硬件制造,"供应链/硬件制造|内部技术/工作讨论",01-11 13:15
3994546,"战略培训-案例分析","战略",03:44:48,4,1,1,商业方法论,"商业方法论",01-11 09:09
3988786,"商业分析方法论培训","",01:32:05,4,1,1,商业方法论,"商业方法论|内部技术/工作讨论",01-10 19:12
3983247,"战略管理-案例分析培训","战略",04:49:57,4,1,1,销售/招商/合作沟通,"销售/招商/合作沟通",01-10 13:03
3979746,"战略培训-实战案例分析","战略",02:42:15,4,1,1,未分类,"",01-10 09:18
3951347,"AI时代-个人发展与商业","",01:37:08,4,1,1,AI/技术,"AI/技术",01-08 21:38
3946256,"多人-中式茶饮创业沟通","",11:13,4,1,1,未分类,"",01-08 16:52
3926430,"老朱-饮品创业战略咨询","",01:54:18,4,1,1,供应链/硬件制造,"供应链/硬件制造|销售/招商/合作沟通",01-07 22:20
3912828,"战略驱动-企业增长方法论","战略",02:07:15,4,1,1,商业方法论,"商业方法论|一堂课程",01-07 12:45
3857446,"阿蕊老师-AI项目成果分享","",02:15:21,4,1,1,销售/招商/合作沟通,"销售/招商/合作沟通|AI/技术|一堂课程",01-04 20:33
3797639,"AI时代-营销沟通与整合营销","",01:37:29,4,1,1,AI/技术,"AI/技术",12-30 20:32
3794467,"多人-进项税处理沟通","",01:28:49,4,1,1,未分类,"",12-30 17:18
3744709,"AI用书会-三刷四真学习","",13:51,4,1,1,AI/技术,"AI/技术|内部技术/工作讨论",12-28 20:20
3732953,"一堂-PCPR模型课程","",03:10:59,4,1,1,一堂课程,"一堂课程",12-27 21:00
3685844,"多人-产品方向选择讨论","",01:47:36,4,1,1,商业方法论,"商业方法论|内部技术/工作讨论",12-25 16:25
3614569,"润心堂-饮料产品方向会议","",01:05:04,4,1,1,内部技术/工作讨论,"内部技术/工作讨论",12-23 10:47
3605771,"AI四格漫画创作交流","",41:16,4,1,1,AI/技术,"AI/技术|商业方法论",12-22 22:22
3574060,"战略培训-九层宝塔模型","战略",02:50:42,4,1,1,未分类,"",12-21 15:54
3424604,"云聚米-私有化部署与开发沟通","",32:16,4,1,1,内部技术/工作讨论,"内部技术/工作讨论",12-15 11:01
3391354,"多人-制冷设备合作会议","",53:40,4,1,1,AI/技术,"AI/技术|销售/招商/合作沟通|内部技术/工作讨论",12-13 09:16
3353407,"草本茶饮-产品方向讨论","",02:01:14,4,1,1,供应链/硬件制造,"供应链/硬件制造|内部技术/工作讨论",12-11 14:39
3334846,"茶饮行业-市场分析讨论","",01:08:05,4,1,1,内部技术/工作讨论,"内部技术/工作讨论",12-10 18:11
3331285,"锐星棠-草本饮品发展讨论","",01:56:48,4,1,1,供应链/硬件制造,"供应链/硬件制造|内部技术/工作讨论",12-10 15:54
3307699,"茶饮行业-市场现状讨论","",01:15:35,4,1,1,供应链/硬件制造,"供应链/硬件制造|销售/招商/合作沟通|内部技术/工作讨论",12-09 16:52
3305831,"产品-市场分析讨论","",41:22,4,1,1,内部技术/工作讨论,"内部技术/工作讨论",12-09 15:54
3254212,"润心堂-草本饮料产品交流","",01:53:59,4,1,1,供应链/硬件制造,"供应链/硬件制造|销售/招商/合作沟通",12-07 09:12
3222718,"双柚汁产品成本沟通","",01:21:05,4,1,1,未分类,"",12-05 10:30
3185113,"2025-12-03 14:35 录音","",01:36:02,4,1,0,未分类,"",12-03 14:35
3166977,"润馨堂-品牌运营讨论","",01:43:43,4,1,1,内部技术/工作讨论,"内部技术/工作讨论",12-02 16:05
3138892,"团队-产品规划与技术会议","",28:32,4,1,1,供应链/硬件制造,"供应链/硬件制造|内部技术/工作讨论",12-01 10:42
3128905,"GEO业务-最佳实践讨论","",39:31,4,1,1,AI/技术,"AI/技术|内部技术/工作讨论",11-30 16:09
3117385,"一堂-AI业务应用分享","",02:49:13,4,1,1,AI/技术,"AI/技术|一堂课程",11-29 14:22
3111485,"尼尔森-华润万家副总","",00:03,4,1,1,未分类,"",11-29 00:40
3090862,"战略管理-案例分析培训","战略",01:21:57,4,1,1,供应链/硬件制造,"供应链/硬件制造|销售/招商/合作沟通",11-27 22:10
3036781,"饮品产品-试饮与市场策略讨论","",01:47:37,4,1,1,销售/招商/合作沟通,"销售/招商/合作沟通|供应链/硬件制造|商业方法论|内部技术/工作讨论",11-25 10:45
2999455,"AI营销-AIO与G优行业分享","",01:13:20,4,1,1,AI/技术,"AI/技术|商业方法论",11-22 21:04
2995740,"产品需求-优化讨论","",24:33,4,1,1,供应链/硬件制造,"供应链/硬件制造|内部技术/工作讨论",11-22 14:59
2993699,"港澳籍学生-升学路径咨询","",27:06,4,1,1,销售/招商/合作沟通,"销售/招商/合作沟通",11-22 11:52
2986508,"AI获客策略-跨行业合作探讨","",38:23,4,1,1,AI/技术,"AI/技术|商业方法论|销售/招商/合作沟通",11-21 19:27
2844840,"多人-奶茶原料行业交流","",02:44:09,4,1,1,供应链/硬件制造,"供应链/硬件制造|销售/招商/合作沟通",11-14 11:46
2842325,"产品调配-口感与成本讨论","",01:05:39,4,1,1,内部技术/工作讨论,"内部技术/工作讨论",11-14 10:13
2811606,"采购成本控制讨论","",01:38:44,4,1,1,供应链/硬件制造,"供应链/硬件制造|内部技术/工作讨论",11-12 15:57
2793285,"医药零售-合作模式讨论","",01:26:46,4,1,1,智能药柜/医疗业务,"智能药柜/医疗业务|销售/招商/合作沟通|内部技术/工作讨论",11-11 17:05
2702634,"季总-朱总-供应商合作沟通","",40:52,4,1,1,供应链/硬件制造,"供应链/硬件制造|销售/招商/合作沟通",11-06 10:08
2694971,"多人-AI与行业发展讨论","",01:38:43,4,1,1,AI/技术,"AI/技术|内部技术/工作讨论",11-05 20:00
2690270,"阿里健康-智能药柜合作沟通","",01:54:00,4,1,1,智能药柜/医疗业务,"智能药柜/医疗业务|销售/招商/合作沟通|诊所/患者相关",11-05 16:06
2678368,"自我提升-消除模糊","",04:30,4,1,1,未分类,"",11-05 01:49
2563672,"阿蕊老师-AI学习直播","",02:06:54,4,1,1,AI/技术,"AI/技术|一堂课程|销售/招商/合作沟通",10-28 20:05
2447560,"医药零售-运营合作讨论","",01:51:37,4,1,1,智能药柜/医疗业务,"智能药柜/医疗业务|供应链/硬件制造|销售/招商/合作沟通|内部技术/工作讨论",10-21 15:46
2431721,"慢病管理-药店运营模式讨论","",01:27:37,4,1,1,智能药柜/医疗业务,"智能药柜/医疗业务",10-20 18:21
2369125,"润心堂-产品合作沟通","",48:40,4,1,1,销售/招商/合作沟通,"销售/招商/合作沟通",10-16 14:07
2366453,"饮料行业-香精工艺交流","",01:13:33,4,1,1,供应链/硬件制造,"供应链/硬件制造",10-16 11:28
2354777,"药店数字化改造沟通","",11:12,4,1,1,医疗系统/合规,"医疗系统/合规|智能药柜/医疗业务",10-15 17:20
2352372,"风味糖浆-产品合作沟通","",01:33:38,4,1,1,销售/招商/合作沟通,"销售/招商/合作沟通|供应链/硬件制造",10-15 15:45
2349464,"糖浆市场调研沟通","",51:50,4,1,1,内部技术/工作讨论,"内部技术/工作讨论",10-15 14:11
2309833,"餐饮饮品研发讨论","",59:16,4,1,1,内部技术/工作讨论,"内部技术/工作讨论",10-13 15:15
2303413,"阿瑞老师-AI自习室共学","",01:10:49,4,1,1,AI/技术,"AI/技术",10-13 10:39
2247045,"瑞心堂-集采与品牌升级讨论","",01:12:55,4,1,1,内部技术/工作讨论,"内部技术/工作讨论",10-09 16:33
2230744,"阿蕊老师-AI销售训练营结营","",03:15:43,4,1,1,AI/技术,"AI/技术|一堂课程|销售/招商/合作沟通",10-08 20:31
2228530,"刘长胜@136 0281 5868_20251008160644.m4a","",02:41,4,1,3,未分类,"",10-08 16:12
2225549,"销售科学-AI化提效直播","",02:28:33,4,1,1,AI/技术,"AI/技术|销售/招商/合作沟通",10-08 10:10
2222280,"SVID_20250930_190525_1.mp4","",05:18:30,4,1,3,AI/技术,"AI/技术|一堂课程|供应链/硬件制造|内部技术/工作讨论",10-07 17:58
2174612,"自动烤炉-产品介绍","",02:09,4,1,1,供应链/硬件制造,"供应链/硬件制造",09-29 17:43
2132253,"药品自动售货机合作运营计划","",08:12,4,1,1,供应链/硬件制造,"供应链/硬件制造|智能药柜/医疗业务|销售/招商/合作沟通",09-26 23:54
2131240,"电机限位传感器测试流程","",02:20,4,1,1,供应链/硬件制造,"供应链/硬件制造|内部技术/工作讨论",09-26 21:18
2083979,"阿里健康大药房产能合作洽谈","",08:42,4,1,1,智能药柜/医疗业务,"智能药柜/医疗业务|销售/招商/合作沟通",09-24 13:31
2066588,"公司诉讼案件处理沟通记录","",01:48:39,4,1,1,未分类,"",09-23 15:13
1934758,"草本饮品B端市场调研与产品策略","",01:23:22,4,1,1,未分类,"",09-15 16:36
1891364,"餐饮饮品产品方向讨论纪要","",01:36:06,4,1,1,内部技术/工作讨论,"内部技术/工作讨论",09-12 11:16
1883124,"医药零售行业趋势与个人感悟","",01:33:43,4,1,3,智能药柜/医疗业务,"智能药柜/医疗业务|医疗系统/合规|供应链/硬件制造|内部技术/工作讨论",09-11 19:21
1841992,"创业转型与企业管理交流记录","",01:00:17,4,1,1,供应链/硬件制造,"供应链/硬件制造|销售/招商/合作沟通",09-09 13:53
1779825,"金银花浓缩汁餐饮产品方案","",01:20:35,4,1,1,未分类,"",09-04 14:59
1708003,"聚米智能药房AI推广方案","",01:02:26,4,1,1,智能药柜/医疗业务,"智能药柜/医疗业务|AI/技术|销售/招商/合作沟通",08-29 14:39
1698642,"公司管理效率与发展问题讨论","",51:24,4,1,1,供应链/硬件制造,"供应链/硬件制造|销售/招商/合作沟通|内部技术/工作讨论",08-28 17:39
1677917,"食材配送项目合作沟通纪要","",01:46:10,4,1,1,销售/招商/合作沟通,"销售/招商/合作沟通|供应链/硬件制造|内部技术/工作讨论",08-27 10:27
1668199,"产品成本优化及合作沟通纪要","",01:35:51,4,1,1,供应链/硬件制造,"供应链/硬件制造",08-26 14:03
1595288,"新港湾医疗项目合作沟通纪要","",37:23,4,1,1,智能药柜/医疗业务,"智能药柜/医疗业务|销售/招商/合作沟通|诊所/患者相关|医疗系统/合规|AI/技术",08-19 15:31
1568248,"水果健康饮品开发讨论纪要","",17:19,4,1,1,内部技术/工作讨论,"内部技术/工作讨论|供应链/硬件制造",08-16 13:08
1567489,"认智美产品线优化与生产破局讨论纪要","",01:52:23,4,1,1,供应链/硬件制造,"供应链/硬件制造|内部技术/工作讨论",08-16 11:02
1567157,"草本饮品研发与市场策略讨论","",15:59,4,1,1,内部技术/工作讨论,"内部技术/工作讨论",08-16 10:23
1561029,"2025-08-15 14:59 录音","",01:46:20,4,1,0,销售/招商/合作沟通,"销售/招商/合作沟通",08-15 14:59
1536915,"校园AI零售共创项目方案","",02:07:30,4,1,1,AI/技术,"AI/技术|商业方法论|供应链/硬件制造|销售/招商/合作沟通",08-13 10:13
1521681,"芯片海外业务合作讨论纪要","",58:20,4,1,1,销售/招商/合作沟通,"销售/招商/合作沟通|内部技术/工作讨论",08-11 19:34
1492579,"饮料代加工合作洽谈","",01:22:47,4,1,1,供应链/硬件制造,"供应链/硬件制造|销售/招商/合作沟通",08-08 10:28
1486662,"网络话密达数据公司介绍","",01:01:06,4,1,1,AI/技术,"AI/技术",08-07 16:28
1486162,"智慧城市AI应用交流","",35:32,4,1,1,AI/技术,"AI/技术",08-07 15:52
1485627,"医疗健康服务平台架构解析","",26:50,4,1,1,智能药柜/医疗业务,"智能药柜/医疗业务|医疗系统/合规",08-07 15:14
1483043,"项目分账与支付对接方案","",18:08,4,1,1,未分类,"",08-07 11:22
1473463,"产品用料等多话题交流记录","",12:33,4,1,3,供应链/硬件制造,"供应链/硬件制造|销售/招商/合作沟通",08-06 11:05
1445999,"公司业务困境、历史问题及未来策略梳理 ","",02:01:05,4,1,3,商业方法论,"商业方法论|供应链/硬件制造",08-02 16:22
1428540,"产品螺丝配件等业务细节及海外拓展讨论 ","",58:23,4,1,0,医疗系统/合规,"医疗系统/合规|智能药柜/医疗业务|内部技术/工作讨论",07-31 13:07
1422729,"药品设备合作、资金问题及行业动态探讨 ","",01:43:00,4,1,3,智能药柜/医疗业务,"智能药柜/医疗业务|供应链/硬件制造|销售/招商/合作沟通",07-30 18:29
1396750,"胶囊内镜项目情况、合作及行业探讨 ","",02:53:22,4,1,3,智能药柜/医疗业务,"智能药柜/医疗业务|医疗系统/合规|AI/技术|销售/招商/合作沟通",07-28 14:22
1319233,"自助售卖机（医药柜）合作与生产相关探讨 ","",01:06:43,4,1,3,供应链/硬件制造,"供应链/硬件制造",07-18 10:17
1276148,"创业者谈AI在传统服务业的应用与转型 ","",04:33:18,4,1,0,AI/技术,"AI/技术",07-13 14:17
1263515,"连锁药店转型计划及合作、运营相关情况 ","",07:06,4,1,3,销售/招商/合作沟通,"销售/招商/合作沟通",07-11 12:23
1256097,"企业高新技术与专精特新资质申报规划 ","",01:02:31,4,1,0,未分类,"",07-10 15:15
1254543,"泰迪熊与巨米科技谈SOD鸡汤售卖机合作 ","",10:34,4,1,3,智能药柜/医疗业务,"智能药柜/医疗业务|销售/招商/合作沟通",07-10 12:20
1241665,"智能售药机项目研讨：成本盈利与合作规划 ","",52:39,4,1,3,智能药柜/医疗业务,"智能药柜/医疗业务|销售/招商/合作沟通",07-08 17:46
1238215,"业务合作、物流成本及产品供应链讨论 ","",21:22,4,1,3,供应链/硬件制造,"供应链/硬件制造|销售/招商/合作沟通|内部技术/工作讨论",07-08 10:54
1236736,"伙伴分享个人成长、模型应用及工作经验 ","",01:00:02,4,1,3,未分类,"",07-08 08:39
1236213,"个人中国行：使命、教学创新与平台价值 ","",05:46,4,1,3,未分类,"",07-08 00:46
1236242,"【示例】会议内容自动整理纪要和代办","",01:14,4,1,1,内部技术/工作讨论,"内部技术/工作讨论",07-08 00:44
1236241,"【示例】2025年政府工作报告解读","",55:01,4,1,3,未分类,"",07-08 00:44
1236240,"【示例】DeepSeek从入门到精通","",01:12:45,4,1,3,未分类,"",07-08 00:44